Job Title,Company,Location,Remote,Posted,Apply Link,Salary
Senior Python Developer - REMOTE,Frontend Arts,Anywhere,Yes,Recently,"https://www.ziprecruiter.com/c/Frontend-Arts/Job/Senior-Python-Developer-REMOTE/-in-Cedar-Rapids,IA?jid=c857a65471e0cace&utm_campaign=google_jobs_apply&utm_source=google_jobs_apply&utm_medium=organic",Not specified
"Senior Python Developer with AWS at Dallas, TX (Remote)",Intellisoft Technologies,Anywhere,Yes,Recently,https://jobgether.com/offer/6805fb379501a3a17fa4df80-senior-python-developer-with-aws-at-dallas-tx-remote?utm_campaign=google_jobs_apply&utm_source=google_jobs_apply&utm_medium=organic,Not specified
"Senior Data Engineer - (Python, SQL)  -Remote US",Renaissance,Anywhere,Yes,Recently,https://careervault.io/remote/renaissance-2660/software/senior-data-engineer-python-sql-remote-us-remote-remote-home-office-united-states-1620869?utm_campaign=google_jobs_apply&utm_source=google_jobs_apply&utm_medium=organic,Not specified
Remote Python Developer Jobs,Turing.com,Anywhere,Yes,5 days ago,https://www.turing.com/jobs/remote-python-jobs?utm_campaign=google_jobs_apply&utm_source=google_jobs_apply&utm_medium=organic,Not specified
Remote Junior Python Developer Jobs,Turing.com,Anywhere,Yes,5 days ago,https://www.turing.com/jobs/llm-junior-python-developer?utm_campaign=google_jobs_apply&utm_source=google_jobs_apply&utm_medium=organic,Not specified
Senior Python ETL Pipeline Developer(Remote),"DMS Vision, Inc.",Anywhere,Yes,23 hours ago,https://www.techfetch.com/job-description/senior-python-etl-pipeline-developer-remote-j3621752?utm_campaign=google_jobs_apply&utm_source=google_jobs_apply&utm_medium=organic,Not specified
Sr Python Engineer(remote),Claritev,Anywhere,Yes,20 days ago,"https://www.ziprecruiter.com/c/Claritev/Job/Sr-Python-Engineer(remote)/-in-Naperville,IL?jid=65ea715be7e784a8&utm_campaign=google_jobs_apply&utm_source=google_jobs_apply&utm_medium=organic",Not specified
Senior Python Developer for AI Startup,Makai Labs,Anywhere,Yes,20 days ago,"https://www.glassdoor.com/job-listing/senior-python-developer-for-ai-startup-makai-labs-JV_IC1132348_KO0,38_KE39,49.htm?jl=1009718138705&utm_campaign=google_jobs_apply&utm_source=google_jobs_apply&utm_medium=organic",120K–150K /year
Senior Python Developer (Remote),ConsumerLab.com,Anywhere,Yes,14 days ago,https://pangian.com/remote/job/senior-python-developer-remote-860?utm_campaign=google_jobs_apply&utm_source=google_jobs_apply&utm_medium=organic,Not specified
Sr Python Developer with FastAPI and React Experience - remote position,"R Systems, Inc.",Anywhere,Yes,1 day ago,https://www.dice.com/job-detail/7d28b7de-4daa-4040-a27b-7da7c1eb7c60?utm_campaign=google_jobs_apply&utm_source=google_jobs_apply&utm_medium=organic,60–65 /hour
